{
  "lambda_c": 0.6,
  "target_mode": "llm_or_weak",
  "llm_rerank_json": "D:\\lesson\\Postgraduate\\EXcode\\Topic\\topic\\text-to-text-transfer-transformer-main\\demo\\tiage-1\\step2_reranked_annotation.json",
  "target_source_count": {
    "llm": 92,
    "weak": 0
  },
  "rows": [
    {
      "Method": "Centrality Only",
      "Kendall Tau": -0.18454106280193236,
      "NDCG@5": 0.5102396753675057,
      "NDCG@3": 0.45085099382490845,
      "Count": 92
    },
    {
      "Method": "Relevance Only",
      "Kendall Tau": 0.1553140096618358,
      "NDCG@5": 0.7354131310183741,
      "NDCG@3": 0.7183510249820632,
      "Count": 92
    },
    {
      "Method": "Centrality + Relevance",
      "Kendall Tau": -0.07149758454106282,
      "NDCG@5": 0.5947134790988902,
      "NDCG@3": 0.5773998853465578,
      "Count": 92
    }
  ]
}