{
  "best_epoch": 4,
  "best_dev_score": 2.3704225411542126,
  "test_kendall_tau": 0.5130227001194749,
  "test_ndcg_at_5": 0.9005911180223677,
  "test_ndcg_at_3": 0.8769064460602557,
  "num_test_samples": 93
}